"","X210","X211","X212","X213","X214","X215","X216","X217","X218","X219","X220","X221","X222","X223","X224","X225","X226","X227","X228","X229","X230","X231","X232","X233","X234","X235","X236","X237","X238","X239","X240","X241","X242","X243","X244","X245","X246","X247","X248","X249","X250","X251","X252","X253","X254","X255","X256","X257","X258","X259","X260","X261","X262","X263","X264","X265","X266","X267","X268","X269","X270","X271","X272","X273","X274","X275","X276","X277","X278","X279","X280","X281","X282","X283","X284","X285","X286","X287","X288","X289","X290","X291","X292","X293","X294","X295","X296","X297","X298","X299","X300","X301","X302","X303","X304","X305","X306","X307","X308","X309","X310","X311","X312","X313","X314","X315","X316","X317","X318","X319","X320","X321","X322","X323","X324","X325","X326","X327","X328","X329","X330","X331","X332","X333","X334","X335","X336","X337","X338","X339","X340","X341","X342","X343","X344","X345","X346","X347","X348","X349","X350","X351","X352","X353","X354","X355","X356","X357","X358","X359"
"V1",0.110493,0.110533,0.113629,0.115048,0.116522,0.12054,0.122652,0.123411,0.124092,0.125319,0.117883,0.112513,0.106523,0.099595,0.089679,0.083505,0.078855,0.071786,0.063578,0.065069,0.0646,0.059561,0.059603,0.059257,0.059264,0.059831,0.057645,0.059713,0.060058,0.064997,0.067323,0.073307,0.077326,0.085226,0.093942,0.103997,0.113877,0.125159,0.139589,0.159089,0.173147,0.188374,0.197121,0.215386,0.236244,0.258466,0.281471,0.298837,0.315626,0.328355,0.342843,0.352297,0.361928,0.37544,0.389813,0.402238,0.412904,0.415678,0.4082,0.390145,0.365107,0.330287,0.296243,0.262916,0.229188,0.209209,0.189641,0.177011,0.162283,0.153558,0.142376,0.136992,0.126847,0.121497,0.113312,0.110085,0.109642,0.112764,0.118472,0.123882,0.127995,0.130771,0.13054,0.127202,0.120472,0.106102,0.091853,0.078569,0.066599,0.062843,0.063259,0.066617,0.066545,0.067062,0.062957,0.057666,0.052406,0.045805,0.042905,0.037609,0.03552,0.029843,0.02811,0.024648,0.019801,0.01851,0.015301,0.014957,0.011356,0.011847,0.009396,0.009808,0.00667,0.008268,0.006866,0.004266,0.005759,0.005416,0.004249,0.00578,0.003081,0.00472,0.006055,0.004402,0.003653,0.004989,0.005192,0.004732,0.004171,0.00317,0.004201,0.001894,0.00659,0.004353,0.002758,0.005294,0.004619,0.002624,0.005579,0.004444,0.004316,0.004459,0.004316,0.002812,0.002944,0.004369,0.005398,0.005622,0.001836,0.003651
"V2",0.046546,0.04617,0.048963,0.049111,0.048676,0.048348,0.05022,0.050236,0.05269,0.053418,0.049775,0.046138,0.043854,0.039459,0.038613,0.036061,0.033151,0.031356,0.026803,0.025096,0.025327,0.026561,0.025971,0.025291,0.025574,0.025579,0.025453,0.023823,0.023705,0.027743,0.027806,0.027908,0.03361,0.035864,0.039697,0.043053,0.046739,0.050211,0.05618,0.06739,0.073215,0.07763,0.082736,0.088725,0.097766,0.10894,0.11755,0.122471,0.131819,0.137284,0.140862,0.147136,0.149301,0.154841,0.161249,0.167003,0.168511,0.172151,0.1687,0.162123,0.152834,0.137497,0.121873,0.107733,0.094496,0.085599,0.078576,0.07257,0.066999,0.06224,0.059558,0.05795,0.050784,0.05155,0.046575,0.043699,0.044496,0.04789,0.048712,0.051005,0.055221,0.053218,0.053394,0.052202,0.053064,0.044432,0.038143,0.031225,0.027918,0.028129,0.027239,0.027811,0.027323,0.027374,0.027037,0.024093,0.021711,0.019843,0.018704,0.017051,0.015057,0.013391,0.012012,0.009841,0.005902,0.00727,0.004916,0.007112,0.004315,0.004763,0.004336,0.002932,0.004257,0.002876,-0.000613,0.002031,0.001827,0.000416,0.002437,0.000333,0.00147,0.00082,0.00191,-0.00086,0.002726,0.00132,0.001888,0.004221,0.00268,0.000648,0.00148,0.000949,0.000977,0.002297,0.002,0.00115,0.000262,0.001887,0.00053,0.002141,0.002066,0.002369,0.000491,0.002294,0.001779,0.002806,0.002358,0.002441,0.000701,0.001227
"V3",0.205297,0.209902,0.216756,0.2247,0.229873,0.233945,0.241459,0.249313,0.248251,0.246999,0.234464,0.217239,0.198357,0.182141,0.165979,0.155297,0.142306,0.13335,0.12212,0.119577,0.115027,0.11025,0.107958,0.108085,0.110344,0.108739,0.11316,0.113372,0.114783,0.114792,0.11629,0.127529,0.138977,0.155009,0.169052,0.185607,0.202295,0.224924,0.249223,0.297784,0.323779,0.352712,0.369162,0.402124,0.441762,0.483955,0.528042,0.562302,0.594377,0.617535,0.642025,0.666283,0.692133,0.727883,0.766456,0.792519,0.808344,0.810289,0.791355,0.747422,0.693373,0.629731,0.564433,0.505159,0.448421,0.406926,0.369053,0.343708,0.316566,0.297112,0.279798,0.261112,0.246577,0.232008,0.218609,0.215453,0.214168,0.219842,0.227012,0.237896,0.245854,0.250898,0.2526,0.240673,0.230198,0.2053,0.17789,0.155729,0.136573,0.128504,0.130277,0.130996,0.131161,0.131253,0.128223,0.120747,0.113125,0.104737,0.098341,0.089497,0.080611,0.073801,0.067707,0.058911,0.051284,0.047683,0.039231,0.033773,0.029567,0.024555,0.02253,0.02058,0.017248,0.016335,0.01408,0.014608,0.011658,0.010054,0.011671,0.011107,0.010413,0.011504,0.011496,0.008441,0.008927,0.009154,0.010807,0.010442,0.011226,0.009524,0.009661,0.008196,0.008571,0.008906,0.008667,0.010205,0.009781,0.008505,0.010068,0.011167,0.01161,0.011837,0.009014,0.009288,0.010598,0.01161,0.010716,0.00997,0.008495,0.01028
"V4",0.110806,0.112808,0.112736,0.114594,0.11796,0.117824,0.120374,0.123951,0.124086,0.12373,0.119022,0.112017,0.104424,0.099113,0.089999,0.083027,0.076433,0.069891,0.064437,0.060857,0.059019,0.057382,0.056886,0.057988,0.054613,0.056282,0.055178,0.056663,0.056495,0.058787,0.062,0.068073,0.073998,0.083229,0.08981,0.099082,0.10719,0.121446,0.135944,0.157923,0.170319,0.184214,0.193649,0.211979,0.232956,0.257062,0.278966,0.296296,0.315891,0.326755,0.337654,0.34995,0.357593,0.373253,0.389163,0.404977,0.415126,0.417921,0.40969,0.391667,0.367312,0.331354,0.296931,0.262519,0.229723,0.209092,0.190216,0.176204,0.162761,0.153112,0.14234,0.133621,0.124751,0.122438,0.112236,0.109108,0.108958,0.112806,0.119427,0.123524,0.127784,0.130973,0.13072,0.125978,0.119295,0.106508,0.089476,0.077319,0.066464,0.061498,0.064125,0.06464,0.065803,0.06689,0.063317,0.056159,0.050601,0.046419,0.042337,0.03875,0.03419,0.028065,0.02689,0.021661,0.018325,0.01674,0.015745,0.015593,0.012546,0.010941,0.010114,0.00954,0.006243,0.00715,0.007913,0.006174,0.005111,0.003219,0.005031,0.00445,0.005411,0.002345,0.00423,0.003252,0.004452,0.003675,0.001744,0.005183,0.005473,0.00618,0.003599,0.005198,0.004169,0.003015,0.003915,0.006138,0.004637,0.003116,0.002556,0.004406,0.005203,0.003047,0.003754,0.004639,0.002978,0.004483,0.004921,0.004409,0.002921,0.003249
"V5",0.023809,0.023476,0.022826,0.022483,0.021898,0.022567,0.022434,0.025007,0.024263,0.022594,0.024086,0.023982,0.023728,0.021795,0.018051,0.01747,0.018538,0.016817,0.014623,0.016225,0.015671,0.016322,0.013471,0.014817,0.016022,0.014812,0.015433,0.018829,0.016817,0.018537,0.016878,0.019483,0.020857,0.021428,0.025487,0.024451,0.027548,0.029664,0.035329,0.036594,0.0402,0.042383,0.044868,0.046786,0.0505,0.055379,0.058941,0.063616,0.066818,0.069617,0.070272,0.073409,0.073034,0.074242,0.072174,0.07603,0.07563,0.076958,0.076478,0.07428,0.071031,0.063311,0.057313,0.05037,0.042471,0.037406,0.03562,0.033668,0.032041,0.029626,0.026044,0.026335,0.027475,0.023393,0.022409,0.021758,0.020587,0.021734,0.022554,0.024512,0.024107,0.02416,0.025171,0.025277,0.023467,0.022026,0.017612,0.017915,0.014271,0.012744,0.011426,0.016635,0.015172,0.015045,0.012077,0.011348,0.009971,0.007551,0.006283,0.006226,0.00708,0.005935,0.004865,0.00464,0.004807,0.003371,0.003028,0.001583,0.001569,0.003403,0.001752,0.002761,0.00185,0.001661,0.00143,0.001183,7.2e-05,-0.000606,0.00173,-0.001963,3.5e-05,-0.000969,0.000297,-0.000113,0.000389,0.000811,-0.001085,0.002327,0.002209,0.001679,-0.000528,0.001666,-0.00012,0.002703,-0.000791,0.000146,0.001432,0.00048,0.000813,0.001209,-0.001228,-0.000124,0.001061,0.000358,0.000151,-1.3e-05,0.002457,-0.000883,0.001647,-5.4e-05
"V6",0.151218,0.159817,0.166843,0.173734,0.180305,0.185556,0.192171,0.19777,0.19969,0.196385,0.182221,0.165367,0.14945,0.136215,0.122164,0.113468,0.104887,0.096155,0.085983,0.085257,0.084922,0.077004,0.077187,0.076615,0.077107,0.078089,0.080249,0.080983,0.080623,0.079353,0.075782,0.085527,0.093431,0.103419,0.115452,0.126452,0.140786,0.155147,0.175777,0.216963,0.237761,0.258793,0.266978,0.292644,0.327476,0.358824,0.391533,0.417308,0.442996,0.461747,0.481617,0.506837,0.529827,0.565,0.603656,0.623107,0.639067,0.636857,0.616883,0.578108,0.529514,0.483124,0.435013,0.391482,0.348458,0.319593,0.291946,0.266457,0.244572,0.23089,0.217042,0.201774,0.187946,0.180524,0.168994,0.166314,0.165809,0.171638,0.174357,0.183982,0.191779,0.193819,0.195768,0.184985,0.175539,0.156582,0.138807,0.119165,0.105816,0.101935,0.101784,0.100752,0.101158,0.100594,0.10333,0.097264,0.094169,0.08978,0.086811,0.079949,0.073448,0.066459,0.060254,0.053775,0.046709,0.040381,0.037493,0.031522,0.026568,0.02335,0.020585,0.018869,0.016329,0.015215,0.013962,0.011799,0.011102,0.010438,0.009306,0.011736,0.009559,0.00979,0.008301,0.009404,0.007816,0.007928,0.00769,0.007884,0.007207,0.005814,0.00832,0.007356,0.008318,0.009588,0.008918,0.007967,0.007828,0.007979,0.010116,0.010917,0.010438,0.007977,0.009924,0.010743,0.010359,0.010518,0.009182,0.009456,0.008006,0.007874
"V7",0.049876,0.049987,0.051188,0.051463,0.051671,0.054037,0.052138,0.055992,0.053478,0.053741,0.055034,0.051408,0.051326,0.047376,0.044776,0.042178,0.039839,0.037636,0.037683,0.037941,0.037333,0.037046,0.035421,0.036099,0.037456,0.036789,0.039208,0.041578,0.041481,0.04405,0.044916,0.0445,0.047854,0.052506,0.053388,0.058546,0.061786,0.070297,0.076499,0.083848,0.090853,0.096315,0.101567,0.107891,0.115668,0.125249,0.132484,0.139683,0.147405,0.152188,0.156633,0.15954,0.158151,0.160754,0.160172,0.163292,0.165644,0.164183,0.160366,0.156743,0.146919,0.133623,0.119946,0.107459,0.093086,0.084394,0.078201,0.075184,0.068902,0.067446,0.060905,0.058662,0.054725,0.050873,0.050869,0.047006,0.045347,0.047295,0.049305,0.051635,0.053757,0.054161,0.054622,0.055123,0.05384,0.049523,0.042502,0.036935,0.032782,0.033013,0.032676,0.032977,0.031154,0.033448,0.031456,0.028758,0.027988,0.022615,0.020654,0.019464,0.016772,0.016371,0.015901,0.012972,0.011983,0.009687,0.008996,0.007259,0.004286,0.005126,0.002637,0.004956,0.002349,0.002573,0.001541,0.001674,0.000657,0.003776,0.002469,0.000775,0.000628,0.001104,-0.000181,0.001873,0.001585,0.002333,0.002245,0.003095,0.000882,0.001293,0.003356,0.003156,0.001526,0.00019,0.001563,0.001311,0.000736,0.00138,0.000817,-0.000903,0.00247,0.002087,0.001798,0.00256,0.003739,0.001898,0.002273,-0.001282,0.000587,0.000566
"V8",0.015196,0.017471,0.018306,0.017315,0.015378,0.015964,0.018663,0.018527,0.016635,0.018457,0.016394,0.018431,0.016446,0.015538,0.014563,0.015018,0.013845,0.011687,0.01143,0.011005,0.012167,0.012135,0.010332,0.010168,0.01171,0.010978,0.011129,0.012958,0.012769,0.012706,0.013701,0.015125,0.013456,0.015753,0.016349,0.018684,0.019526,0.021483,0.023574,0.027628,0.029231,0.031214,0.031611,0.034068,0.037229,0.03871,0.043032,0.04655,0.048804,0.049637,0.052577,0.053575,0.054097,0.053668,0.054312,0.05604,0.056054,0.055019,0.057262,0.054855,0.05152,0.047978,0.042116,0.035734,0.030307,0.029822,0.026734,0.02638,0.023355,0.022811,0.021856,0.019052,0.019307,0.016481,0.016016,0.016129,0.015809,0.016836,0.015709,0.018138,0.017997,0.018346,0.0196,0.018427,0.016645,0.017909,0.014071,0.012869,0.011379,0.010809,0.009099,0.00921,0.009828,0.009325,0.009851,0.008454,0.006084,0.009017,0.007045,0.006241,0.005918,0.005083,0.00542,0.003961,0.001609,0.001472,0.002816,0.000536,0.001927,0.001859,0.001436,0.000144,0.002107,0.002108,0.000308,0.00053,0.000822,0.000785,0.002508,0.000898,-0.000646,0.00092,0.000416,0.000972,0.000357,0.000425,0.001605,0.000466,-0.001178,-0.000175,4.2e-05,0.000726,-9.7e-05,0.000644,-0.000107,0.00036,-0.001117,0.000897,7.1e-05,0.001599,-3.9e-05,-0.000175,0.000422,0.000585,0.000934,0.001234,0.000136,9.3e-05,0.001393,0.001475
"V9",0.222852,0.227456,0.232159,0.23797,0.244854,0.247836,0.257231,0.263437,0.263869,0.264357,0.249919,0.233209,0.214927,0.20168,0.182659,0.169293,0.156999,0.145903,0.134606,0.13346,0.130659,0.124962,0.123598,0.123189,0.126257,0.125691,0.129288,0.129805,0.131661,0.134318,0.135519,0.147059,0.160553,0.173992,0.190952,0.20689,0.22678,0.253664,0.279342,0.326346,0.361016,0.389332,0.402984,0.439184,0.482383,0.52451,0.571107,0.609085,0.644841,0.667515,0.692634,0.71755,0.739967,0.773486,0.806425,0.831785,0.850924,0.852923,0.831883,0.788188,0.734222,0.663385,0.596089,0.5344,0.4718,0.430193,0.388551,0.36392,0.336295,0.317188,0.296367,0.278738,0.262813,0.246038,0.232895,0.2305,0.225123,0.234405,0.239205,0.250436,0.262669,0.266129,0.269055,0.258181,0.246431,0.219415,0.191159,0.166108,0.146024,0.139174,0.138985,0.140806,0.141841,0.140942,0.137804,0.127945,0.119207,0.111983,0.104619,0.094752,0.087168,0.079869,0.070209,0.064629,0.056215,0.049134,0.042842,0.035415,0.029516,0.026961,0.02381,0.021098,0.017892,0.016173,0.014849,0.014894,0.012125,0.011481,0.012238,0.011888,0.011522,0.009618,0.011535,0.00989,0.00896,0.009017,0.011222,0.010606,0.010996,0.008536,0.010237,0.009717,0.008792,0.007071,0.007559,0.008599,0.009934,0.010558,0.011401,0.009328,0.009506,0.010269,0.011436,0.011559,0.010538,0.011184,0.008285,0.009663,0.006412,0.00649
"V10",0.149898,0.159433,0.16648,0.172908,0.178288,0.183844,0.190367,0.197553,0.197558,0.195833,0.183579,0.166477,0.149965,0.136208,0.122368,0.113816,0.10445,0.097678,0.088932,0.086568,0.087365,0.082035,0.080126,0.078736,0.079183,0.081115,0.082087,0.081845,0.083813,0.082986,0.083584,0.089066,0.09709,0.106734,0.120774,0.131134,0.144058,0.15999,0.177669,0.218584,0.240583,0.263055,0.270602,0.296602,0.327176,0.361217,0.393599,0.419207,0.444647,0.463521,0.482721,0.507029,0.528982,0.563303,0.5973,0.61797,0.632357,0.629455,0.609111,0.568173,0.525005,0.477971,0.432276,0.388379,0.347429,0.316975,0.286945,0.265091,0.243469,0.229598,0.215293,0.203741,0.188986,0.175966,0.168696,0.166229,0.166671,0.170729,0.175037,0.18153,0.187018,0.192105,0.193894,0.185601,0.17442,0.1586,0.138614,0.124163,0.105698,0.102857,0.101718,0.102459,0.102929,0.101844,0.102602,0.096078,0.094505,0.090286,0.086336,0.077889,0.073388,0.066201,0.060412,0.054751,0.049075,0.040675,0.036699,0.031117,0.028321,0.023119,0.021604,0.018813,0.019204,0.015122,0.012388,0.011604,0.013121,0.011414,0.011284,0.009169,0.007568,0.009003,0.009656,0.00839,0.007788,0.008546,0.006366,0.008298,0.007262,0.009204,0.007507,0.00547,0.008352,0.00896,0.008454,0.008826,0.009017,0.01062,0.009136,0.009734,0.010097,0.007566,0.008202,0.008818,0.010692,0.00845,0.008006,0.008388,0.007872,0.006475
"V11",0.136321,0.136313,0.135375,0.139961,0.140173,0.141903,0.147315,0.148871,0.149648,0.150271,0.145377,0.13995,0.131251,0.122213,0.114216,0.103837,0.09918,0.092053,0.084977,0.083777,0.083478,0.079771,0.081385,0.081613,0.083257,0.083815,0.084546,0.086368,0.087193,0.089508,0.094338,0.098,0.107716,0.112322,0.124244,0.136314,0.148987,0.161379,0.180705,0.204802,0.223071,0.240004,0.252753,0.270504,0.295501,0.321587,0.34608,0.368403,0.391355,0.404096,0.417117,0.427628,0.436587,0.447246,0.460429,0.474186,0.482751,0.484407,0.477107,0.458833,0.427456,0.386619,0.347134,0.308428,0.269543,0.246695,0.224368,0.209577,0.194832,0.184661,0.172387,0.163741,0.153929,0.145614,0.137561,0.132786,0.132161,0.137683,0.141667,0.143268,0.153101,0.154155,0.156565,0.150954,0.146206,0.128182,0.113569,0.098653,0.085489,0.081282,0.079718,0.083691,0.085439,0.085053,0.08063,0.073131,0.063938,0.058565,0.056845,0.050064,0.045094,0.041718,0.036843,0.033715,0.029857,0.024252,0.020246,0.016823,0.016006,0.013209,0.010849,0.010372,0.009392,0.007237,0.007642,0.007122,0.00753,0.00635,0.006885,0.006552,0.006028,0.002937,0.005609,0.005214,0.006225,0.005632,0.006372,0.005052,0.004531,0.005287,0.004903,0.004042,0.003491,0.004409,0.004448,0.004362,0.005697,0.004179,0.003568,0.005609,0.004375,0.006075,0.007687,0.005791,0.005304,0.003678,0.005131,0.004814,0.004426,0.003467
"V12",0.110463,0.114261,0.116898,0.124111,0.126666,0.130321,0.133547,0.137023,0.137199,0.138439,0.130632,0.119081,0.105857,0.097634,0.089381,0.081022,0.075415,0.070015,0.063805,0.062555,0.061284,0.056912,0.055869,0.056786,0.057359,0.058206,0.057764,0.0581,0.059432,0.060042,0.05765,0.063599,0.069597,0.076738,0.087391,0.094976,0.105182,0.117506,0.128726,0.15702,0.170884,0.185861,0.193198,0.214216,0.235378,0.259363,0.284138,0.301877,0.31845,0.330987,0.34593,0.362908,0.377958,0.400173,0.423436,0.439534,0.448895,0.449646,0.436224,0.409421,0.379545,0.342254,0.308426,0.276577,0.245602,0.225229,0.202742,0.189627,0.172911,0.16358,0.154035,0.142436,0.133836,0.127397,0.121339,0.116887,0.11755,0.119945,0.124667,0.128605,0.134711,0.136224,0.138445,0.133518,0.1252,0.109785,0.098616,0.086685,0.074971,0.071569,0.071239,0.070029,0.073046,0.070905,0.069606,0.067609,0.064207,0.061586,0.057539,0.052166,0.04807,0.043903,0.039134,0.036236,0.029896,0.026485,0.023192,0.020024,0.018868,0.017031,0.014549,0.011658,0.010572,0.010252,0.008564,0.007782,0.008078,0.008368,0.008326,0.007263,0.007292,0.005201,0.004434,0.005465,0.006332,0.006334,0.007428,0.004557,0.004316,0.003813,0.0056,0.004454,0.005299,0.00426,0.00591,0.005857,0.003134,0.006761,0.005661,0.005614,0.005995,0.007235,0.006459,0.004514,0.005349,0.005708,0.006542,0.004403,0.005819,0.004399
"V13",0.09734,0.094788,0.096545,0.098605,0.099264,0.099002,0.100599,0.103829,0.102882,0.101916,0.101264,0.097968,0.091018,0.085035,0.081446,0.076803,0.070331,0.064626,0.061703,0.057342,0.059733,0.058253,0.057798,0.05899,0.057752,0.058811,0.061334,0.061848,0.061206,0.063616,0.067094,0.072341,0.078182,0.084646,0.090159,0.098987,0.10725,0.117794,0.128751,0.145074,0.159195,0.170615,0.178764,0.191448,0.207517,0.227867,0.24786,0.262382,0.276792,0.28677,0.296372,0.300406,0.30488,0.311597,0.31808,0.328627,0.332698,0.336285,0.333187,0.322241,0.30202,0.272408,0.243414,0.216003,0.188945,0.17121,0.155055,0.145811,0.13742,0.129141,0.119335,0.115211,0.106704,0.101868,0.095162,0.092833,0.092215,0.095509,0.10016,0.102729,0.106242,0.107966,0.109896,0.106324,0.102674,0.09221,0.080097,0.068017,0.060496,0.055639,0.057267,0.057819,0.058141,0.057339,0.052888,0.048073,0.041669,0.039712,0.033716,0.031575,0.028473,0.026038,0.022683,0.020955,0.016461,0.013714,0.012788,0.009793,0.00954,0.008445,0.008345,0.005063,0.007889,0.005424,0.00343,0.003443,0.003071,0.002887,0.002419,0.002467,0.002731,0.003189,0.004279,0.000954,0.003654,0.004646,0.003338,0.003474,0.003317,0.00374,0.002629,0.002833,0.002831,-0.000216,0.002922,0.002354,0.002466,0.001558,0.002134,0.003144,0.002338,0.002176,0.001785,0.003187,0.002839,0.004664,0.002107,0.001452,0.00295,0.001803
"V14",0.146603,0.149675,0.150952,0.153742,0.157298,0.158599,0.164663,0.167923,0.166524,0.164973,0.158564,0.149801,0.141615,0.131248,0.120045,0.111733,0.104265,0.094664,0.0859,0.085649,0.082758,0.080964,0.08122,0.080181,0.080784,0.078729,0.081662,0.082725,0.084744,0.084988,0.088809,0.095984,0.104339,0.11334,0.123743,0.138786,0.150555,0.166013,0.183252,0.212443,0.233115,0.252115,0.264649,0.285872,0.313412,0.342577,0.374625,0.39659,0.421297,0.436093,0.451278,0.467952,0.478662,0.499048,0.519897,0.537128,0.54974,0.55145,0.542095,0.516981,0.481469,0.436676,0.391339,0.349032,0.303725,0.277333,0.252325,0.23382,0.219204,0.20584,0.191554,0.181287,0.16927,0.160603,0.151089,0.146853,0.148235,0.151752,0.154854,0.16201,0.169268,0.17211,0.173891,0.166513,0.161525,0.141603,0.124077,0.108402,0.092261,0.086773,0.087338,0.090803,0.09115,0.091343,0.085943,0.079819,0.071698,0.068288,0.059892,0.05425,0.048594,0.04653,0.039928,0.036351,0.031611,0.028877,0.023714,0.01992,0.017108,0.015159,0.013858,0.012116,0.011896,0.009946,0.007327,0.007256,0.007168,0.006095,0.006776,0.007339,0.005554,0.004541,0.007215,0.00481,0.005359,0.006824,0.004568,0.006196,0.005572,0.005623,0.006152,0.005744,0.00442,0.00299,0.006832,0.008127,0.007335,0.006564,0.006391,0.006365,0.005444,0.008765,0.005331,0.00575,0.004884,0.005594,0.003607,0.005203,0.004673,0.004522
"V15",0.099264,0.100027,0.101353,0.103539,0.107154,0.107947,0.10728,0.111491,0.113103,0.112301,0.107227,0.104328,0.097291,0.089582,0.083901,0.078906,0.073198,0.068314,0.06045,0.060639,0.059529,0.059496,0.057524,0.059318,0.058202,0.058478,0.060456,0.062559,0.061546,0.064712,0.065744,0.071667,0.076283,0.082071,0.091061,0.097871,0.106256,0.117901,0.131169,0.14856,0.163938,0.173128,0.18296,0.199895,0.214989,0.23252,0.256587,0.270845,0.287585,0.296422,0.308966,0.316332,0.323389,0.334605,0.344736,0.355331,0.363646,0.362725,0.356353,0.340845,0.320012,0.287226,0.258897,0.230814,0.201822,0.186087,0.167313,0.155619,0.146439,0.138557,0.131773,0.122124,0.114049,0.105939,0.102012,0.099697,0.098417,0.100635,0.103211,0.108428,0.113567,0.116042,0.116758,0.112536,0.107914,0.094857,0.085009,0.072913,0.062863,0.060646,0.060485,0.059847,0.061778,0.062668,0.059459,0.05543,0.050609,0.047488,0.04053,0.039182,0.033866,0.032958,0.028798,0.024296,0.021819,0.017968,0.017045,0.013812,0.012595,0.011372,0.01057,0.009825,0.00674,0.007551,0.004946,0.005473,0.004452,0.005511,0.003735,0.00406,0.002702,0.003718,0.005052,0.005039,0.0035,0.003571,0.006982,0.004134,0.004352,0.003007,0.003212,0.003702,0.004714,0.00554,0.0031,0.004322,0.003666,0.003654,0.003566,0.00341,0.001641,0.002381,0.000781,0.004263,0.004382,0.003746,0.004222,0.003042,0.004059,0.004229
"V16",0.005817,0.005389,0.004572,0.005928,0.005933,0.005018,0.006186,0.006629,0.006962,0.00589,0.007558,0.0058,0.005146,0.004535,0.005409,0.005292,0.003884,0.004511,0.003884,0.003432,0.003854,0.003941,0.003124,0.003536,0.003888,0.004182,0.004876,0.003706,0.002,0.004328,0.005428,0.003397,0.003318,0.004956,0.005391,0.006808,0.006507,0.007112,0.009782,0.01202,0.009725,0.01114,0.011993,0.013962,0.015664,0.012792,0.014783,0.015871,0.016737,0.016777,0.018991,0.020737,0.020847,0.019285,0.02049,0.020598,0.02221,0.021566,0.022206,0.019642,0.019837,0.018208,0.014732,0.013212,0.012148,0.012227,0.008403,0.010551,0.009439,0.007655,0.007271,0.007402,0.006917,0.007682,0.006074,0.005583,0.007071,0.00513,0.007139,0.005425,0.007765,0.006481,0.007171,0.006242,0.004982,0.005637,0.003609,0.00422,0.003458,0.004136,0.004478,0.00357,0.004951,0.00414,0.003742,0.004937,0.002512,0.001122,0.002141,0.001857,0.003569,0.001977,0.003335,0.00243,0.002182,0.000935,0.000369,0.000202,0.000483,0.001108,0.000724,0.001562,0.001422,-0.000572,-0.00094,0.000775,0.001307,-0.002381,-0.000352,-0.001582,-0.000411,-5.4e-05,-0.000723,-0.00145,-0.001425,0.000496,-0.000618,0.000271,-0.000801,0.000719,-0.000113,-0.000755,-0.001036,-0.001596,-0.000144,0.000849,1.2e-05,0.000116,0.001191,-0.000321,-0.000871,-0.001099,0.001119,0.000417,0.000823,-0.000671,0.001055,-0.000963,0.000167,0.000883
"V17",0.024305,0.0238,0.025812,0.028882,0.027735,0.028114,0.028876,0.029954,0.027088,0.032126,0.030996,0.029808,0.026858,0.026741,0.025564,0.023371,0.023184,0.02486,0.022801,0.023895,0.02376,0.025575,0.02601,0.025822,0.028436,0.027136,0.03024,0.032528,0.03234,0.030944,0.031729,0.029601,0.031755,0.034418,0.034454,0.036086,0.038601,0.044272,0.044645,0.050191,0.054173,0.060171,0.058885,0.061156,0.065268,0.067822,0.071985,0.074276,0.077198,0.079331,0.08357,0.081443,0.081856,0.07895,0.078372,0.077037,0.074587,0.074255,0.072425,0.067974,0.063358,0.057989,0.052166,0.04857,0.042827,0.042015,0.038615,0.038017,0.035573,0.033338,0.032463,0.030364,0.029603,0.025969,0.024414,0.021748,0.024581,0.022229,0.026257,0.02518,0.025215,0.026876,0.027344,0.026898,0.028442,0.025412,0.024453,0.02383,0.020152,0.02324,0.022552,0.02047,0.019338,0.019952,0.018042,0.019434,0.018111,0.017191,0.019089,0.0164,0.016719,0.015805,0.016106,0.015755,0.012241,0.009206,0.007281,0.004624,0.005415,0.005208,0.004938,0.00327,0.002272,0.000717,0.001356,0.000312,0.003096,0.001674,-0.000387,0.001877,0.00191,0.000481,0.001957,0.002692,0.001504,0.001676,0.001744,0.001065,0.001063,0.000467,0.00151,0.002868,0.001801,0.001713,0.001031,0.001497,0.000816,0.000739,0.000826,-0.000215,0.001409,0.001742,0.001466,0.000789,6e-04,0.002261,0.000735,0.000317,-0.00101,-0.000452
"V18",0.058635,0.059205,0.06004,0.060494,0.060369,0.060689,0.060834,0.063183,0.063173,0.064642,0.06255,0.060328,0.060627,0.056221,0.054052,0.050611,0.048572,0.045861,0.043918,0.04413,0.04133,0.041266,0.041458,0.043394,0.043662,0.044944,0.047738,0.047195,0.04626,0.049103,0.052229,0.054001,0.056374,0.05948,0.061599,0.070577,0.07701,0.083106,0.088494,0.098285,0.107008,0.112138,0.119042,0.126286,0.132872,0.144964,0.155987,0.1629,0.173369,0.179443,0.185297,0.185367,0.184958,0.184512,0.187868,0.189514,0.190932,0.19318,0.188754,0.182341,0.173301,0.155808,0.139043,0.123525,0.108012,0.10006,0.090134,0.086628,0.0795,0.077498,0.074901,0.06879,0.064633,0.061836,0.058286,0.057296,0.053052,0.055242,0.058452,0.060744,0.062112,0.064688,0.064019,0.063052,0.062424,0.055806,0.049754,0.045102,0.039311,0.0378,0.03844,0.037354,0.039096,0.039114,0.033617,0.031237,0.029916,0.027516,0.023134,0.024211,0.020605,0.019311,0.019356,0.016786,0.012317,0.011749,0.008879,0.009563,0.007488,0.006047,0.003066,0.005083,0.004404,0.004711,0.001631,0.001909,0.003066,0.000851,0.002632,0.003864,0.00268,0.001849,0.003595,0.001383,0.000632,0.000659,0.001638,0.002742,0.002414,0.002189,0.00381,0.00253,0.000754,0.000827,0.003037,0.000846,0.001294,0.001266,0.001353,0.002541,0.001415,0.002291,0.001767,0.000273,0.001009,0.001699,0.00267,0.001712,0.00117,4.9e-05
"V19",0.095806,0.100738,0.105287,0.110454,0.113232,0.11519,0.120131,0.122858,0.121996,0.122204,0.116613,0.108471,0.100465,0.090787,0.082442,0.078122,0.073855,0.068966,0.064575,0.063251,0.065251,0.061755,0.061905,0.063256,0.064297,0.065616,0.066968,0.069772,0.067316,0.068854,0.067302,0.071693,0.078386,0.08154,0.091938,0.098533,0.105027,0.117563,0.129998,0.151883,0.168202,0.179341,0.187295,0.203612,0.219036,0.239567,0.258313,0.272615,0.288634,0.298099,0.312596,0.321166,0.331794,0.34648,0.363081,0.369871,0.375084,0.373613,0.362507,0.341123,0.312548,0.287035,0.257178,0.2326,0.208892,0.190153,0.173822,0.162227,0.149711,0.142154,0.136437,0.12534,0.118877,0.111856,0.104965,0.102701,0.101748,0.102919,0.107218,0.111379,0.116322,0.117263,0.11763,0.114524,0.110046,0.100047,0.090571,0.082144,0.073467,0.067885,0.067206,0.068549,0.068137,0.066501,0.067209,0.064864,0.06147,0.059301,0.05787,0.051155,0.049513,0.047533,0.042502,0.037514,0.034078,0.027569,0.025,0.019424,0.018148,0.015214,0.013389,0.011561,0.011372,0.012562,0.007984,0.008111,0.007717,0.004941,0.006368,0.006265,0.005182,0.00522,0.006933,0.004367,0.006069,0.005943,0.005124,0.00581,0.006721,0.004297,0.004863,0.005192,0.00439,0.004915,0.004319,0.005351,0.00513,0.005952,0.005729,0.005451,0.006233,0.004939,0.007319,0.004861,0.006587,0.00448,0.004991,0.002877,0.003763,0.00393
"V20",0.188926,0.194284,0.199805,0.206779,0.211952,0.217819,0.22372,0.228624,0.229375,0.230241,0.216702,0.198931,0.181702,0.164337,0.149995,0.141571,0.128712,0.119171,0.107828,0.10526,0.102655,0.099317,0.095116,0.094005,0.094631,0.096027,0.097776,0.096839,0.097791,0.098276,0.099455,0.109581,0.121016,0.132976,0.147901,0.163616,0.178798,0.200381,0.222286,0.265484,0.294361,0.319104,0.331726,0.362809,0.400992,0.441692,0.482993,0.511475,0.543735,0.565062,0.589313,0.613854,0.636401,0.676755,0.713294,0.737762,0.754559,0.7587,0.738261,0.696509,0.644528,0.584546,0.5251,0.471575,0.416246,0.379238,0.342729,0.318503,0.294634,0.273834,0.256554,0.241257,0.226465,0.214821,0.203728,0.199505,0.197354,0.204616,0.211531,0.219341,0.228585,0.230676,0.234723,0.224731,0.212703,0.187999,0.163426,0.14391,0.124979,0.117754,0.116168,0.118644,0.119986,0.119683,0.1175,0.110598,0.104285,0.098676,0.089134,0.082873,0.074927,0.068612,0.061133,0.055158,0.04772,0.041934,0.037082,0.033585,0.029637,0.025148,0.021387,0.019919,0.017505,0.015307,0.013586,0.012231,0.01361,0.012578,0.014164,0.009907,0.008229,0.008663,0.009578,0.009341,0.009174,0.008354,0.010824,0.009813,0.010096,0.006905,0.007396,0.009514,0.009277,0.009409,0.00853,0.007612,0.009263,0.008687,0.009602,0.010115,0.00779,0.009719,0.010697,0.009156,0.007523,0.009295,0.0094,0.006958,0.007107,0.009852
"V21",0.035525,0.040149,0.041392,0.043827,0.04428,0.045577,0.047927,0.049959,0.049465,0.047946,0.046266,0.043786,0.039603,0.035667,0.033729,0.031764,0.028137,0.027798,0.025358,0.02584,0.027136,0.026172,0.027388,0.027831,0.027379,0.026852,0.029509,0.029916,0.029979,0.029345,0.028964,0.030549,0.032156,0.035496,0.036277,0.043042,0.042933,0.04739,0.05252,0.062026,0.068439,0.071062,0.074876,0.079725,0.087115,0.095447,0.101472,0.111768,0.114121,0.118086,0.123786,0.127709,0.130446,0.13784,0.141435,0.145617,0.146189,0.14566,0.139801,0.130773,0.12093,0.109966,0.09899,0.090478,0.082476,0.074748,0.068703,0.063308,0.05907,0.055231,0.05342,0.047696,0.045121,0.04461,0.041081,0.040114,0.041801,0.041571,0.042436,0.042432,0.046526,0.046774,0.046905,0.0463,0.043146,0.038512,0.035141,0.031821,0.028974,0.028785,0.02888,0.029031,0.027992,0.026412,0.027081,0.024549,0.026071,0.024259,0.023999,0.021396,0.021715,0.021801,0.018695,0.0157,0.013718,0.014037,0.011563,0.010416,0.006779,0.007274,0.005989,0.004852,0.004322,0.004223,0.002995,0.00362,0.003122,0.003678,0.003196,0.001257,0.001775,0.002104,0.001874,0.001692,0.001853,0.00363,0.001332,0.002066,0.00179,0.001509,0.003235,0.001692,0.002198,0.002501,0.002185,0.003965,0.001026,0.002692,0.001858,0.001918,0.003979,0.001846,0.004205,0.001664,0.00319,0.000407,0.002429,0.003116,0.001537,0.001043
"V22",0.180221,0.187058,0.195373,0.198726,0.206432,0.211103,0.21718,0.224103,0.223592,0.223659,0.213047,0.193413,0.178501,0.16255,0.147213,0.138052,0.127348,0.117063,0.109167,0.105197,0.10185,0.099122,0.098062,0.09809,0.097671,0.098632,0.101073,0.103317,0.101606,0.100887,0.100779,0.110312,0.12142,0.135769,0.146504,0.161732,0.177869,0.198033,0.218827,0.262389,0.291436,0.312377,0.324821,0.35552,0.3923,0.430149,0.469101,0.496118,0.5291,0.546745,0.570156,0.59301,0.616282,0.651597,0.686752,0.709678,0.726488,0.726986,0.70604,0.66357,0.615743,0.559055,0.501177,0.451453,0.39977,0.365324,0.331321,0.30621,0.283712,0.267871,0.250256,0.234996,0.219602,0.207635,0.196799,0.191368,0.18988,0.197985,0.202171,0.211002,0.220163,0.224013,0.22416,0.216274,0.203137,0.181755,0.160834,0.141373,0.122557,0.117715,0.117345,0.117285,0.118284,0.117645,0.116576,0.109407,0.103565,0.097502,0.091672,0.084059,0.079108,0.07039,0.064662,0.058295,0.050351,0.043056,0.037463,0.032751,0.026748,0.024948,0.020666,0.019991,0.018274,0.016349,0.014432,0.01371,0.010769,0.01029,0.010881,0.010272,0.009037,0.010364,0.00789,0.010171,0.00885,0.01051,0.009938,0.008358,0.010368,0.008412,0.008174,0.008165,0.006245,0.009318,0.008242,0.009461,0.009604,0.009766,0.009444,0.011318,0.008794,0.009331,0.010317,0.009499,0.008923,0.008867,0.008426,0.008498,0.007225,0.007185
"V23",0.105441,0.111869,0.116438,0.118688,0.124121,0.127377,0.131727,0.135829,0.134606,0.135662,0.127971,0.116767,0.107247,0.097256,0.089539,0.083592,0.077037,0.071378,0.068345,0.066835,0.066624,0.063118,0.062266,0.063473,0.064121,0.063911,0.066977,0.067943,0.068332,0.067214,0.065623,0.070222,0.077894,0.085974,0.090532,0.101021,0.108377,0.121824,0.138316,0.16213,0.178753,0.191829,0.198229,0.21384,0.234542,0.257612,0.280514,0.296834,0.315809,0.326329,0.341088,0.352706,0.366862,0.387044,0.405452,0.418134,0.426117,0.424461,0.41109,0.385141,0.356042,0.323442,0.290222,0.262556,0.232848,0.215491,0.194128,0.18146,0.169168,0.159578,0.148786,0.138981,0.13127,0.123835,0.117102,0.113346,0.113909,0.116434,0.118919,0.122532,0.12944,0.131832,0.13392,0.127535,0.12153,0.10994,0.096428,0.087091,0.078471,0.073077,0.072458,0.073841,0.072459,0.07149,0.073437,0.067835,0.066991,0.064258,0.061629,0.057842,0.052812,0.049304,0.045364,0.037722,0.033534,0.031248,0.024758,0.021361,0.018711,0.015886,0.01314,0.012109,0.011259,0.011008,0.008887,0.007271,0.007268,0.005728,0.00471,0.005755,0.005321,0.006803,0.005892,0.004484,0.00585,0.005199,0.007243,0.007195,0.006588,0.005907,0.006086,0.00674,0.004331,0.005523,0.005165,0.003351,0.005928,0.005581,0.007403,0.004642,0.006793,0.005964,0.007222,0.005969,0.007974,0.006129,0.004866,0.007957,0.004959,0.004435
"V24",0.101093,0.100962,0.100366,0.10446,0.106304,0.107634,0.107667,0.112686,0.112349,0.112095,0.107768,0.101202,0.096449,0.08882,0.081965,0.076298,0.070041,0.066344,0.060011,0.059765,0.057077,0.057666,0.056081,0.055657,0.056884,0.055262,0.056831,0.056058,0.05795,0.059225,0.060621,0.06606,0.071868,0.079735,0.085552,0.096698,0.101698,0.114717,0.125241,0.14755,0.158295,0.171928,0.182194,0.195122,0.215591,0.235389,0.25606,0.270947,0.289006,0.30061,0.311011,0.320123,0.325329,0.338324,0.350872,0.361985,0.369931,0.374019,0.364938,0.353067,0.327833,0.298063,0.265258,0.234832,0.204614,0.18708,0.168583,0.158309,0.148207,0.139225,0.129323,0.122606,0.113595,0.108082,0.10251,0.097854,0.09907,0.102489,0.106558,0.110115,0.115556,0.119435,0.11935,0.112718,0.108062,0.098175,0.08313,0.071802,0.062867,0.058043,0.060287,0.059692,0.060818,0.060454,0.056354,0.055081,0.048224,0.043834,0.039486,0.036129,0.031221,0.029928,0.026417,0.02308,0.019898,0.016991,0.015129,0.014423,0.012245,0.010721,0.008244,0.008593,0.008107,0.005704,0.005504,0.005938,0.004968,0.003014,0.005044,0.003241,0.003421,0.002691,0.003648,0.001631,0.002893,0.00256,0.004653,0.003833,0.00318,0.00454,0.003264,0.004833,0.002479,0.002922,0.002723,0.003898,0.004028,0.002176,0.003725,0.002335,0.003391,0.003477,0.005121,0.003072,0.004471,0.003744,0.002916,0.003757,0.004366,0.002617
"V25",0.035604,0.035517,0.038348,0.038459,0.041061,0.041147,0.044117,0.044415,0.04381,0.044159,0.042679,0.039986,0.039967,0.035177,0.032065,0.031771,0.029393,0.029002,0.026844,0.027481,0.025323,0.029514,0.02744,0.027554,0.029957,0.030458,0.031974,0.034074,0.032688,0.031896,0.033147,0.032733,0.036034,0.037342,0.039295,0.044186,0.045947,0.05169,0.055976,0.061992,0.066088,0.071977,0.076665,0.080073,0.083333,0.091527,0.097251,0.102491,0.107804,0.11188,0.114753,0.118885,0.119653,0.121883,0.123506,0.12628,0.128232,0.125942,0.124021,0.11472,0.10588,0.096129,0.08708,0.080485,0.071047,0.066042,0.060283,0.056359,0.054343,0.049976,0.046938,0.044803,0.042271,0.038734,0.036149,0.037082,0.035197,0.036631,0.037099,0.039233,0.039957,0.039739,0.041225,0.040477,0.040579,0.037758,0.032605,0.032108,0.028947,0.028128,0.027346,0.026468,0.024358,0.024956,0.025261,0.027244,0.023437,0.023507,0.022838,0.022379,0.019118,0.020926,0.017652,0.015187,0.013119,0.012135,0.008964,0.008917,0.008058,0.005251,0.003679,0.002707,0.002743,0.002884,0.001059,0.002581,0.000563,0.002875,0.000734,0.001416,0.003668,0.003178,0.002233,0.002471,0.001253,0.001124,0.002497,0.001429,0.001317,0.001393,0.001435,0.000193,7e-04,0.003629,0.000777,0.001296,0.000603,0.001946,-0.000302,0.00298,0.001529,0.002499,0.002749,0.003219,9e-04,0.002927,0.003381,0.002428,0.002779,-0.000995
"V26",0.143488,0.150441,0.158048,0.161133,0.167777,0.172752,0.178433,0.182921,0.182819,0.181336,0.171637,0.156094,0.142433,0.129584,0.116452,0.109107,0.100255,0.092042,0.085018,0.081542,0.080182,0.07516,0.077613,0.071579,0.074652,0.073993,0.077083,0.076296,0.077723,0.078101,0.077265,0.084237,0.091689,0.101921,0.114573,0.125903,0.139239,0.153723,0.170338,0.208659,0.227789,0.247917,0.257649,0.279893,0.311181,0.342924,0.373169,0.398763,0.42331,0.440968,0.458071,0.479898,0.498983,0.531292,0.561372,0.581661,0.595047,0.595934,0.578966,0.541161,0.501753,0.457007,0.407933,0.367717,0.328302,0.29828,0.269364,0.251444,0.231734,0.216459,0.20327,0.190347,0.178472,0.167954,0.159682,0.158403,0.155798,0.162039,0.163486,0.170243,0.178646,0.183904,0.182916,0.174594,0.164861,0.146866,0.12994,0.113771,0.100228,0.093331,0.093269,0.094786,0.096108,0.093962,0.094272,0.090424,0.085064,0.079989,0.074213,0.070279,0.063923,0.059119,0.050775,0.047364,0.041959,0.036878,0.032219,0.026779,0.024842,0.020791,0.018455,0.015574,0.014579,0.013613,0.011742,0.011233,0.009804,0.007738,0.009354,0.00695,0.00823,0.008442,0.007398,0.006625,0.008466,0.007064,0.008641,0.006614,0.007013,0.00733,0.00588,0.008965,0.007262,0.00809,0.00666,0.007846,0.008934,0.009771,0.007165,0.006958,0.009855,0.009518,0.00817,0.007753,0.007298,0.006674,0.00625,0.006441,0.008452,0.007442
"V27",0.088105,0.084396,0.083206,0.082736,0.082749,0.083471,0.083182,0.083501,0.082929,0.083934,0.083134,0.080878,0.081033,0.075506,0.070869,0.066876,0.061002,0.055821,0.049876,0.048768,0.047677,0.048,0.04759,0.04582,0.046088,0.044639,0.044631,0.045488,0.046427,0.051594,0.053417,0.059649,0.063254,0.071143,0.07615,0.083623,0.092258,0.102823,0.111104,0.125205,0.133059,0.144072,0.155058,0.166564,0.179607,0.197969,0.214745,0.230186,0.240801,0.252278,0.260901,0.260586,0.265024,0.269697,0.274196,0.283,0.291752,0.293314,0.294928,0.291208,0.272569,0.246295,0.218644,0.190851,0.164304,0.148409,0.135768,0.127806,0.119118,0.109985,0.104449,0.098796,0.092071,0.086833,0.082761,0.080575,0.078135,0.081758,0.085975,0.089767,0.092391,0.09421,0.094948,0.092888,0.090944,0.077704,0.065551,0.05518,0.046182,0.043027,0.044994,0.045544,0.04818,0.049751,0.042835,0.03521,0.028589,0.023451,0.021657,0.018714,0.01479,0.01335,0.009724,0.008801,0.007953,0.004584,0.006167,0.005044,0.002946,0.004351,0.003139,0.00414,0.004058,0.002358,0.004998,0.00143,0.002842,0.000761,0.002835,0.001911,0.001537,0.003711,0.002077,0.003316,-0.000253,0.002766,0.001902,0.002327,0.003923,0.001973,0.002895,0.002251,0.001931,0.000404,0.001625,0.001705,0.001197,0.00199,0.001616,-0.000283,0.001508,0.00157,0.001515,0.00015,0.002504,0.001774,0.002174,0.002887,0.000473,-0.000124
"V28",0.153665,0.157943,0.162344,0.169622,0.174571,0.175817,0.183915,0.188016,0.189576,0.188628,0.177419,0.163726,0.152872,0.138761,0.12526,0.118038,0.109492,0.102574,0.094293,0.094178,0.093046,0.089843,0.085397,0.086201,0.08728,0.090695,0.093401,0.092237,0.09403,0.094276,0.094488,0.103039,0.109774,0.11978,0.133879,0.143524,0.15747,0.174796,0.191941,0.230613,0.250168,0.270524,0.2806,0.30695,0.337866,0.367208,0.397013,0.423961,0.447595,0.462125,0.483202,0.500423,0.518914,0.545412,0.570838,0.588467,0.599091,0.599692,0.583982,0.54803,0.508655,0.462454,0.415889,0.373541,0.330199,0.304241,0.276452,0.253656,0.236668,0.222858,0.210099,0.197139,0.183867,0.174518,0.165468,0.161259,0.159138,0.164915,0.169573,0.177834,0.182448,0.185134,0.187362,0.179911,0.171688,0.154562,0.135583,0.121479,0.106495,0.101394,0.101916,0.09956,0.098766,0.101228,0.09922,0.094519,0.089442,0.083978,0.07863,0.074622,0.069103,0.06263,0.057879,0.050168,0.042772,0.038744,0.032509,0.027209,0.022446,0.019499,0.018912,0.01675,0.015634,0.01413,0.012369,0.011176,0.009932,0.00986,0.010895,0.008789,0.009942,0.007505,0.008521,0.007844,0.008242,0.007634,0.007191,0.007553,0.007222,0.007454,0.007484,0.006399,0.005446,0.005653,0.007358,0.007855,0.007774,0.006807,0.009353,0.008825,0.007988,0.008256,0.007468,0.007857,0.006754,0.00842,0.007196,0.00697,0.006931,0.007399
"V29",0.092703,0.094463,0.095806,0.097006,0.09825,0.10071,0.104648,0.105599,0.10616,0.106574,0.103326,0.096359,0.090984,0.084248,0.079023,0.072475,0.069151,0.065395,0.059694,0.059375,0.059141,0.058211,0.05715,0.058638,0.056788,0.058621,0.061069,0.06225,0.064713,0.066033,0.063933,0.069766,0.073005,0.081066,0.086618,0.094087,0.10219,0.114532,0.125946,0.143946,0.156961,0.166314,0.175626,0.188189,0.204286,0.222193,0.240518,0.254613,0.268805,0.278576,0.287104,0.297447,0.302892,0.313309,0.321509,0.329863,0.336081,0.335585,0.327802,0.313927,0.29284,0.265733,0.236979,0.212455,0.187238,0.171958,0.155844,0.146573,0.135952,0.129978,0.121407,0.113801,0.106255,0.100678,0.094886,0.093948,0.093558,0.094919,0.098025,0.102561,0.103257,0.106215,0.107893,0.104899,0.099049,0.08927,0.07958,0.070579,0.0632,0.059677,0.058364,0.057729,0.059666,0.058722,0.058091,0.051474,0.045931,0.046634,0.04263,0.039028,0.035781,0.033787,0.0319,0.024866,0.021533,0.019473,0.016742,0.016249,0.012093,0.011666,0.008428,0.00816,0.006478,0.007816,0.006568,0.004818,0.004624,0.004518,0.004694,0.004344,0.004092,0.004342,0.004463,0.003341,0.004667,0.004292,0.0033,0.003548,0.005286,0.002519,0.002556,0.00325,0.006683,0.004062,0.001939,0.003385,0.005001,0.002538,0.001378,0.00419,0.001325,0.002923,0.00289,0.00557,0.004121,0.004186,0.003726,0.001662,0.005004,0.003961
"V30",0.178642,0.181831,0.187834,0.191597,0.195783,0.200344,0.204141,0.21135,0.210893,0.210984,0.199404,0.185012,0.17511,0.158929,0.146343,0.136945,0.126454,0.115488,0.107091,0.105349,0.102261,0.096557,0.097434,0.09878,0.097264,0.099146,0.100763,0.101086,0.103919,0.105314,0.106035,0.116201,0.125379,0.136189,0.149346,0.164615,0.180748,0.201332,0.222931,0.261025,0.28657,0.306398,0.323729,0.353519,0.386437,0.421126,0.461004,0.488332,0.515892,0.535509,0.560242,0.576903,0.594733,0.622868,0.65102,0.672063,0.688058,0.69002,0.676268,0.640043,0.596358,0.540891,0.482517,0.430962,0.379243,0.347124,0.313692,0.292287,0.270218,0.253796,0.240987,0.22291,0.209371,0.199631,0.188694,0.184312,0.182466,0.189353,0.195832,0.202953,0.211814,0.215704,0.216929,0.208656,0.198263,0.175614,0.152898,0.132242,0.114434,0.110577,0.112583,0.115956,0.113071,0.111772,0.107779,0.102337,0.093974,0.087306,0.082207,0.073253,0.066138,0.060838,0.053292,0.047872,0.042716,0.035559,0.032026,0.028549,0.024667,0.020989,0.017596,0.015265,0.014621,0.015058,0.010641,0.01128,0.00976,0.010325,0.007773,0.009017,0.010293,0.010237,0.009583,0.008191,0.008101,0.009241,0.008852,0.007832,0.007811,0.008262,0.006666,0.006637,0.007088,0.007379,0.008695,0.006481,0.008322,0.007335,0.007033,0.00797,0.007848,0.006723,0.006798,0.006103,0.008146,0.008414,0.006867,0.005476,0.007174,0.004431
"V31",0.194379,0.198957,0.202854,0.210349,0.210453,0.216981,0.22326,0.230499,0.227239,0.226987,0.216333,0.201869,0.188822,0.175151,0.15847,0.14853,0.138275,0.127914,0.120343,0.116499,0.113433,0.108847,0.106737,0.10797,0.107585,0.108584,0.112001,0.112621,0.113896,0.115959,0.11853,0.127985,0.139834,0.151934,0.165824,0.182651,0.19804,0.220939,0.242064,0.287898,0.311696,0.338476,0.352966,0.384867,0.419006,0.461687,0.498406,0.530762,0.562096,0.586296,0.605846,0.627945,0.645422,0.673974,0.704219,0.725484,0.741018,0.743856,0.724669,0.691016,0.643817,0.583145,0.521519,0.465577,0.409847,0.373468,0.340185,0.315003,0.292288,0.276516,0.258494,0.243529,0.228162,0.216617,0.20399,0.200409,0.197694,0.20114,0.210278,0.21933,0.228213,0.231759,0.234469,0.226528,0.216404,0.190543,0.166828,0.146439,0.124541,0.119068,0.1192,0.122035,0.123504,0.122481,0.116968,0.110919,0.101009,0.095015,0.086638,0.080435,0.073144,0.06567,0.060298,0.054078,0.048691,0.040679,0.034464,0.028965,0.025175,0.023534,0.019686,0.017245,0.016439,0.013514,0.013276,0.011106,0.012029,0.009638,0.00939,0.008415,0.010042,0.008421,0.009327,0.008345,0.008969,0.008254,0.009286,0.007342,0.010655,0.008245,0.008435,0.007122,0.005644,0.007793,0.007383,0.007873,0.006369,0.009056,0.006733,0.007916,0.007396,0.008514,0.008334,0.007901,0.007509,0.008904,0.009095,0.007097,0.006073,0.007977
"V32",0.031644,0.031885,0.032381,0.034947,0.035024,0.036111,0.03531,0.035065,0.035956,0.03539,0.036248,0.035401,0.034267,0.031649,0.028275,0.029883,0.027329,0.02672,0.02397,0.026059,0.025229,0.025354,0.026603,0.026478,0.027125,0.026709,0.028916,0.030578,0.031925,0.032736,0.029971,0.031658,0.032801,0.037278,0.038581,0.041413,0.043176,0.047728,0.05262,0.058073,0.063036,0.063556,0.068194,0.070887,0.076385,0.080752,0.086472,0.090965,0.098183,0.09858,0.104063,0.104811,0.103484,0.101261,0.103147,0.101372,0.103857,0.101798,0.099368,0.096122,0.089116,0.082173,0.070702,0.06445,0.058766,0.053475,0.050845,0.047234,0.044869,0.043631,0.039765,0.038697,0.034408,0.03451,0.031154,0.032162,0.02975,0.029086,0.032261,0.031747,0.030882,0.035355,0.036403,0.035135,0.034647,0.031844,0.028783,0.025677,0.024598,0.021648,0.02231,0.022058,0.022092,0.022933,0.021275,0.018548,0.018203,0.016348,0.017297,0.015999,0.015562,0.014285,0.015389,0.012413,0.01011,0.009376,0.007187,0.007301,0.005839,0.003422,0.003416,0.003976,0.002845,0.003663,0.001262,0.000314,0.002131,0.001632,0.002715,0.000102,-0.001206,0.001505,0.001837,0.001509,0.001556,0.001065,0.00212,0.000692,0.003059,0.001239,0.000419,0.002209,0.000878,0.001224,0.000816,0.001986,0.001007,0.002012,0.000968,3.1e-05,0.000624,4.7e-05,0.001103,0.000294,0.001851,0.001428,0.000933,0.001366,0.001648,-0.000393
"V33",0.105767,0.103843,0.101488,0.10069,0.10243,0.102733,0.103061,0.105506,0.106308,0.105013,0.102863,0.100226,0.099027,0.094417,0.087967,0.08197,0.076368,0.071917,0.064613,0.063232,0.06332,0.063233,0.065298,0.062232,0.063639,0.062436,0.062905,0.065536,0.067822,0.070758,0.076355,0.080884,0.083863,0.091871,0.099556,0.110263,0.116899,0.132408,0.143221,0.157583,0.171003,0.182195,0.192499,0.20968,0.225616,0.246839,0.265198,0.281687,0.298142,0.306308,0.315703,0.317023,0.322214,0.32641,0.330215,0.340055,0.346599,0.350359,0.347386,0.339145,0.320058,0.288182,0.256966,0.225546,0.19428,0.176956,0.161074,0.151054,0.145041,0.1349,0.125956,0.118562,0.11232,0.106622,0.100244,0.096272,0.097491,0.098841,0.101972,0.107586,0.111608,0.114004,0.113839,0.110297,0.107394,0.095683,0.084395,0.06982,0.060309,0.057424,0.057385,0.060641,0.061742,0.059458,0.053331,0.047064,0.040981,0.035933,0.031612,0.027669,0.023269,0.022962,0.017062,0.016508,0.015191,0.011078,0.01024,0.006951,0.006989,0.005224,0.006823,0.0052,0.005798,0.003788,0.004502,0.003353,0.003071,0.003004,0.003103,0.001615,0.001027,0.004335,0.002673,0.002893,0.003587,0.002275,0.001477,0.002122,0.001456,0.00396,0.003518,0.00447,0.001764,0.001639,0.003487,0.002123,0.002463,0.001975,0.001823,0.001291,0.000879,0.000479,3e-04,0.000195,0.002201,0.001119,0.001883,-0.000258,0.002625,7.6e-05
"V34",0.165877,0.175149,0.18447,0.190891,0.197233,0.203908,0.209311,0.216619,0.216448,0.215364,0.202823,0.186147,0.168748,0.154534,0.140443,0.13097,0.121944,0.112776,0.105133,0.102932,0.1015,0.097228,0.093658,0.093974,0.097151,0.097576,0.099711,0.101027,0.10074,0.100493,0.099202,0.107085,0.116332,0.128995,0.141314,0.154802,0.168011,0.187977,0.208315,0.250675,0.275496,0.299948,0.310843,0.335146,0.370598,0.406113,0.440127,0.470171,0.496652,0.51674,0.538181,0.562649,0.583148,0.618227,0.651896,0.672545,0.686772,0.684366,0.661087,0.618301,0.57365,0.52152,0.469289,0.422428,0.376495,0.345079,0.314648,0.290645,0.266452,0.251231,0.236153,0.2213,0.207506,0.196397,0.186073,0.182376,0.183262,0.188244,0.193872,0.19899,0.208012,0.209987,0.211771,0.201985,0.19369,0.174186,0.155068,0.137623,0.12089,0.114806,0.115481,0.113933,0.11233,0.112921,0.113325,0.10838,0.10586,0.099729,0.097267,0.090948,0.082188,0.074557,0.069408,0.061131,0.055823,0.04824,0.040709,0.034358,0.028832,0.026751,0.022746,0.018292,0.018969,0.015376,0.012986,0.012504,0.011364,0.013416,0.011455,0.01011,0.007881,0.010324,0.008572,0.009399,0.008985,0.00833,0.008261,0.008946,0.009744,0.007551,0.006742,0.009588,0.007444,0.008654,0.008168,0.008306,0.009205,0.010426,0.010781,0.010019,0.010612,0.011575,0.010339,0.009475,0.00994,0.009543,0.00849,0.008051,0.007979,0.007636
"V35",0.150367,0.155,0.16164,0.164421,0.171543,0.177252,0.183435,0.187226,0.188405,0.18749,0.174532,0.161299,0.149006,0.135878,0.12239,0.115454,0.106073,0.097901,0.089699,0.087671,0.087324,0.084667,0.079733,0.081584,0.080502,0.082573,0.083888,0.083596,0.083721,0.085006,0.084156,0.091608,0.101068,0.111762,0.12327,0.135574,0.148108,0.163846,0.183422,0.218668,0.241009,0.257879,0.270509,0.293688,0.325936,0.355549,0.389097,0.412176,0.438757,0.454284,0.474692,0.492794,0.512152,0.541776,0.569137,0.589791,0.601551,0.601088,0.583964,0.549449,0.507325,0.460173,0.416039,0.372607,0.330044,0.303585,0.274909,0.25475,0.235536,0.221148,0.207084,0.194814,0.181664,0.171742,0.162461,0.160466,0.157645,0.163418,0.168498,0.174588,0.184061,0.186221,0.186985,0.178295,0.167128,0.151018,0.133344,0.116803,0.103633,0.09875,0.09669,0.098326,0.101082,0.099395,0.096625,0.092718,0.088001,0.082071,0.079556,0.073819,0.067254,0.060726,0.055428,0.049778,0.042587,0.037209,0.033713,0.02926,0.024738,0.020982,0.018355,0.016852,0.013579,0.014015,0.013158,0.011342,0.012695,0.009221,0.009903,0.007954,0.007063,0.008112,0.008018,0.00657,0.006485,0.007893,0.006718,0.008412,0.006953,0.008078,0.007851,0.007549,0.00602,0.008971,0.007656,0.007583,0.006623,0.009868,0.006366,0.008865,0.008201,0.008895,0.008554,0.008632,0.008191,0.007992,0.007552,0.006834,0.006135,0.005634
"V36",0.146789,0.150259,0.154605,0.157861,0.162906,0.162762,0.167717,0.172672,0.172776,0.170166,0.163449,0.154962,0.144446,0.133646,0.124046,0.112697,0.104781,0.097454,0.09067,0.088896,0.085013,0.084491,0.082413,0.082618,0.082942,0.082273,0.084289,0.085459,0.088539,0.09077,0.093661,0.099354,0.107868,0.116465,0.128109,0.139267,0.154617,0.169355,0.184503,0.217875,0.239499,0.257196,0.26986,0.294272,0.320374,0.348954,0.38073,0.403826,0.428242,0.444032,0.46046,0.474519,0.489505,0.511384,0.529556,0.54739,0.559324,0.560648,0.55057,0.522922,0.488659,0.44006,0.396596,0.35248,0.312344,0.284047,0.257148,0.239673,0.220839,0.209368,0.197446,0.186197,0.173093,0.161908,0.153826,0.150786,0.149219,0.154823,0.158714,0.16573,0.172677,0.176881,0.178384,0.170665,0.165289,0.144494,0.126346,0.109184,0.094234,0.091752,0.089235,0.091244,0.092223,0.09345,0.091864,0.084277,0.076797,0.071642,0.066191,0.056299,0.05365,0.049687,0.042941,0.040111,0.034163,0.028679,0.025351,0.023341,0.018012,0.015561,0.015051,0.014419,0.011492,0.010416,0.008378,0.008333,0.007119,0.006844,0.006421,0.00711,0.006706,0.008428,0.004451,0.006661,0.005765,0.006803,0.004685,0.005837,0.004801,0.005189,0.00544,0.006581,0.006855,0.005401,0.005017,0.004916,0.006491,0.006245,0.006707,0.005761,0.005036,0.008207,0.006499,0.007994,0.007196,0.007353,0.006549,0.00626,0.005567,0.003113
"V37",0.116423,0.117834,0.118644,0.120623,0.122316,0.124405,0.125771,0.12935,0.129411,0.128415,0.125465,0.117089,0.113519,0.105928,0.097708,0.092597,0.087188,0.079063,0.072672,0.071803,0.072361,0.070991,0.070298,0.071455,0.071652,0.071061,0.070965,0.073353,0.074015,0.078476,0.081451,0.085965,0.091739,0.099436,0.107181,0.117735,0.127909,0.143299,0.15671,0.176019,0.191771,0.20759,0.219,0.235952,0.254958,0.276521,0.301942,0.318645,0.337209,0.350946,0.35973,0.371409,0.377498,0.389172,0.397495,0.410622,0.419894,0.42087,0.41461,0.398223,0.373963,0.33802,0.300584,0.267726,0.233373,0.211241,0.193142,0.183527,0.168841,0.16051,0.149022,0.140788,0.132063,0.125538,0.119026,0.115658,0.116576,0.116208,0.121168,0.126238,0.133239,0.135789,0.136598,0.131284,0.127134,0.111381,0.097336,0.08498,0.07406,0.070317,0.068661,0.071342,0.07316,0.070123,0.06837,0.063771,0.055228,0.051791,0.046987,0.042093,0.037235,0.03353,0.031573,0.027956,0.023105,0.020934,0.0181,0.015023,0.011954,0.010782,0.009324,0.010138,0.007898,0.006468,0.005836,0.0067,0.005853,0.005216,0.004283,0.007003,0.004599,0.004969,0.003328,0.003825,0.00513,0.003812,0.004088,0.003629,0.003892,0.004761,0.003726,0.003058,0.004069,0.002418,0.002073,0.003309,0.00352,0.004339,0.004223,0.002267,0.003398,0.005024,0.004398,0.003619,0.003923,0.004217,0.00391,0.003354,0.003959,0.003518
"V38",0.077073,0.078257,0.077684,0.080118,0.079333,0.081795,0.084588,0.085761,0.085731,0.085415,0.081751,0.077613,0.074002,0.067918,0.062618,0.059091,0.051872,0.050743,0.044384,0.044287,0.043797,0.042842,0.041004,0.039623,0.039567,0.038728,0.040519,0.042258,0.04009,0.044444,0.045526,0.049795,0.054002,0.058396,0.063258,0.06967,0.077336,0.085284,0.094747,0.110245,0.120291,0.131812,0.136613,0.151021,0.161976,0.179179,0.196485,0.207791,0.21982,0.227908,0.236412,0.242066,0.2523,0.259262,0.270085,0.279011,0.285799,0.286925,0.283811,0.27259,0.252681,0.230048,0.203551,0.182244,0.159502,0.146447,0.128112,0.120729,0.113136,0.105524,0.097136,0.095895,0.089416,0.082948,0.07789,0.077764,0.07602,0.076604,0.082288,0.085862,0.088906,0.088562,0.089548,0.087614,0.085722,0.073837,0.063335,0.054519,0.04607,0.04534,0.044503,0.044715,0.04696,0.044941,0.043907,0.03937,0.035045,0.030757,0.028435,0.024527,0.022522,0.02018,0.018536,0.015748,0.014674,0.012877,0.010507,0.011493,0.007299,0.00893,0.005003,0.005891,0.004814,0.005171,0.005701,0.004139,0.003824,0.003368,0.002726,0.002191,0.004087,0.000786,0.003811,0.00175,0.003333,0.002718,0.002648,0.001956,0.004213,0.002681,0.003765,0.004242,0.002525,0.000177,0.002716,0.00216,0.002543,0.004694,0.004271,0.002823,0.003119,0.002027,0.001259,0.002617,0.003777,0.002196,0.004264,0.000931,0.002717,0.002863
"V39",0.073684,0.071956,0.07285,0.073561,0.073623,0.070869,0.075223,0.073767,0.074807,0.074135,0.072703,0.07181,0.068376,0.06379,0.058128,0.055269,0.05016,0.047033,0.042293,0.039501,0.039347,0.038306,0.036608,0.034895,0.03408,0.036068,0.035714,0.037455,0.038176,0.040302,0.043163,0.046719,0.05082,0.05714,0.061689,0.068758,0.073061,0.082938,0.090946,0.103801,0.112363,0.121013,0.127617,0.141089,0.151835,0.166902,0.183228,0.193122,0.205848,0.213113,0.220799,0.225067,0.228152,0.23656,0.242588,0.251207,0.256359,0.259701,0.259506,0.254921,0.239045,0.213542,0.189415,0.164678,0.144517,0.131731,0.117941,0.11091,0.104688,0.096057,0.088914,0.085688,0.080703,0.07666,0.070617,0.071234,0.067635,0.071772,0.073833,0.079318,0.082975,0.082186,0.082309,0.079073,0.075754,0.067496,0.05814,0.046611,0.041212,0.036475,0.038442,0.04056,0.040378,0.041147,0.038479,0.032006,0.028058,0.02419,0.018135,0.017591,0.014732,0.012791,0.010778,0.00781,0.010283,0.008317,0.006387,0.005235,0.005097,0.003498,0.003425,0.003787,0.002548,0.002544,0.003557,0.002227,0.002145,0.001127,0.003693,0.0025,0.001417,0.00192,0.00142,0.003154,0.001419,0.001786,0.002962,0.002888,0.001871,0.001785,0.001265,0.003589,0.001683,0.002531,0.001461,0.0013,0.002824,-1e-04,0.002077,0.00103,0.001415,0.000353,2e-04,0.00285,0.000693,0.001823,0.00172,0.001664,-0.000208,0.001673
"V40",0.104929,0.102651,0.104353,0.104936,0.105464,0.103809,0.108001,0.108863,0.1109,0.108636,0.105897,0.104237,0.100229,0.093371,0.089072,0.080435,0.076379,0.071012,0.064223,0.064818,0.060983,0.060633,0.061918,0.060829,0.058221,0.060115,0.062545,0.061605,0.064307,0.068493,0.071428,0.075765,0.081208,0.087371,0.096505,0.102976,0.114344,0.125142,0.137436,0.155267,0.168145,0.180927,0.191331,0.207222,0.224259,0.243663,0.263057,0.279637,0.297657,0.306799,0.318716,0.325046,0.330331,0.337476,0.344034,0.354449,0.361884,0.363475,0.362292,0.350432,0.327417,0.296394,0.266068,0.232886,0.204409,0.183377,0.165806,0.159708,0.146393,0.13828,0.12833,0.122441,0.117202,0.109928,0.103132,0.10037,0.099573,0.102958,0.105934,0.108958,0.115032,0.117444,0.119228,0.113019,0.110904,0.096995,0.083445,0.073081,0.062311,0.060204,0.059792,0.060721,0.06181,0.061267,0.056325,0.050374,0.046224,0.037771,0.034226,0.031716,0.02825,0.02439,0.021943,0.020734,0.017259,0.014257,0.012373,0.009992,0.009823,0.007137,0.007663,0.005793,0.005391,0.005405,0.003654,0.004519,0.004445,0.00359,0.003596,0.001949,0.004346,0.002464,0.004025,0.005061,0.004475,0.003251,0.004365,0.003852,0.005022,0.004206,0.002143,0.001697,0.002874,0.002865,0.003703,0.005307,0.002356,0.002502,0.00309,0.003074,0.001736,0.001543,0.003304,0.00304,0.003037,0.00237,0.001989,0.004763,0.001986,0.001559
"V41",0.180609,0.182623,0.186306,0.189734,0.19631,0.199409,0.203345,0.209728,0.20926,0.209097,0.197492,0.188179,0.175467,0.161359,0.147973,0.137668,0.130874,0.121004,0.1118,0.106671,0.105821,0.103234,0.102732,0.100514,0.101022,0.103442,0.105218,0.106063,0.109302,0.110074,0.113457,0.121073,0.132435,0.14293,0.158865,0.172017,0.187677,0.206585,0.229516,0.265698,0.291492,0.311976,0.327219,0.358657,0.389549,0.42622,0.463496,0.493427,0.522579,0.542153,0.561314,0.580078,0.59391,0.61961,0.642974,0.662795,0.676325,0.679438,0.665761,0.63328,0.592388,0.533871,0.479773,0.427792,0.376805,0.343879,0.314172,0.292141,0.266797,0.254986,0.238143,0.223633,0.2078,0.198205,0.186351,0.183652,0.180935,0.186958,0.192698,0.201858,0.210044,0.212373,0.216231,0.207879,0.198972,0.178086,0.153825,0.134165,0.116716,0.109564,0.112525,0.111719,0.114004,0.111683,0.10846,0.100905,0.09392,0.086096,0.078651,0.072994,0.065428,0.060364,0.052542,0.047142,0.040538,0.035534,0.031328,0.027289,0.022621,0.019419,0.015476,0.016729,0.013097,0.013096,0.013106,0.010819,0.008074,0.009212,0.007864,0.007883,0.007967,0.006602,0.008211,0.008647,0.007412,0.006732,0.006597,0.007855,0.008053,0.008546,0.008638,0.006147,0.00625,0.006974,0.005276,0.009062,0.0066,0.008918,0.008484,0.005306,0.008069,0.006789,0.005941,0.007896,0.006611,0.007774,0.006194,0.006378,0.004778,0.006642
"V42",0.169045,0.173551,0.179898,0.182206,0.189552,0.191487,0.198211,0.202931,0.200927,0.202213,0.190513,0.177834,0.163155,0.151129,0.138339,0.129692,0.118277,0.109538,0.100544,0.09622,0.0956,0.092124,0.088177,0.089552,0.090228,0.088628,0.091939,0.090045,0.092192,0.094494,0.093604,0.105423,0.115365,0.126333,0.13892,0.154367,0.166729,0.188032,0.206797,0.244423,0.26883,0.290824,0.302798,0.329888,0.364421,0.401376,0.437493,0.464979,0.492639,0.514872,0.532168,0.552319,0.572037,0.599211,0.626863,0.648045,0.665853,0.666444,0.651265,0.619233,0.576173,0.525013,0.466388,0.418815,0.367483,0.336335,0.304218,0.28147,0.25949,0.24433,0.22914,0.215144,0.200899,0.190165,0.179218,0.175056,0.173756,0.181592,0.187003,0.195892,0.203,0.20827,0.206959,0.199285,0.189142,0.166448,0.145742,0.1278,0.108824,0.104203,0.103555,0.105632,0.107767,0.107027,0.103222,0.096456,0.089262,0.082727,0.077626,0.069603,0.064029,0.057089,0.050179,0.046041,0.039128,0.035845,0.032131,0.025289,0.023115,0.020876,0.017942,0.015027,0.013008,0.012835,0.010638,0.011385,0.009616,0.01073,0.008713,0.009039,0.00788,0.007147,0.008053,0.007985,0.005949,0.007205,0.007778,0.008743,0.008132,0.0079,0.006181,0.00846,0.005732,0.006871,0.007857,0.006104,0.006719,0.007877,0.007923,0.007118,0.008395,0.006444,0.007883,0.007535,0.006483,0.007346,0.007539,0.006963,0.005193,0.006562
"V43",0.081231,0.083963,0.087085,0.089276,0.089382,0.09395,0.098275,0.099835,0.10086,0.100754,0.093144,0.089969,0.079736,0.074415,0.066296,0.061663,0.058939,0.052206,0.047762,0.046249,0.044902,0.043163,0.043698,0.043495,0.043338,0.044742,0.045544,0.045945,0.045632,0.045985,0.04518,0.049913,0.054444,0.061431,0.065005,0.073406,0.080509,0.089623,0.098699,0.118217,0.130347,0.138971,0.14566,0.159233,0.176821,0.192675,0.205878,0.222026,0.233475,0.244114,0.254262,0.264017,0.276263,0.290487,0.302966,0.313737,0.321812,0.321692,0.314252,0.296784,0.274249,0.247638,0.221452,0.201217,0.176365,0.163218,0.147318,0.135301,0.125228,0.120202,0.11098,0.104289,0.097598,0.092739,0.087271,0.085899,0.085087,0.087371,0.090964,0.092449,0.09842,0.099396,0.098566,0.09567,0.090631,0.07967,0.070722,0.06291,0.054204,0.052167,0.052069,0.053157,0.054713,0.052323,0.052185,0.046394,0.045884,0.04335,0.040729,0.03619,0.035281,0.02947,0.028995,0.026158,0.02264,0.018094,0.016224,0.014269,0.011378,0.011886,0.010593,0.00731,0.007031,0.007001,0.006718,0.005669,0.004779,0.003705,0.005691,0.002371,0.004428,0.00371,0.003697,0.003626,0.004329,0.004974,0.003512,0.002407,0.002566,0.004003,0.004237,0.003488,0.001707,0.002253,0.003152,0.0038,0.004184,0.004985,0.003332,0.004748,0.003533,0.004388,0.004612,0.006285,0.004881,0.004191,0.005174,0.00461,0.004254,0.002632
"V44",0.100636,0.100938,0.100863,0.102261,0.104012,0.105338,0.107798,0.111397,0.110309,0.110542,0.105664,0.101019,0.0971,0.088948,0.081739,0.07549,0.073057,0.066388,0.060196,0.059494,0.057806,0.057853,0.057512,0.057691,0.056364,0.05708,0.057813,0.058018,0.057598,0.060845,0.06218,0.069512,0.07383,0.081385,0.086356,0.097141,0.106455,0.117655,0.127886,0.147944,0.160268,0.171872,0.1815,0.196635,0.215052,0.233617,0.254052,0.271606,0.288561,0.297827,0.307033,0.317313,0.322501,0.333406,0.344691,0.354155,0.360949,0.364976,0.358693,0.347092,0.325304,0.291916,0.261734,0.231508,0.203471,0.18452,0.166438,0.157777,0.144134,0.137674,0.128669,0.119423,0.112469,0.107242,0.101937,0.097268,0.098546,0.101423,0.104468,0.109227,0.11399,0.115192,0.117385,0.110831,0.105742,0.093676,0.083699,0.071532,0.059587,0.059649,0.059613,0.060633,0.062206,0.060833,0.056542,0.05193,0.046501,0.042354,0.039532,0.034731,0.031952,0.028881,0.024572,0.022315,0.019653,0.015443,0.015852,0.012683,0.010708,0.009117,0.008871,0.006929,0.007644,0.006335,0.005986,0.001933,0.004824,0.003084,0.004516,0.004972,0.004828,0.004869,0.004283,0.003734,0.004674,0.000859,0.004085,0.005206,0.002864,0.003613,0.004111,0.003034,0.003331,0.004315,0.003849,0.00253,0.003061,0.002198,0.003342,0.002425,0.003204,0.002257,0.002767,0.005239,0.005512,0.004142,0.003685,0.001978,0.002611,0.003181
"V45",0.099059,0.103689,0.108942,0.110521,0.117769,0.117555,0.122813,0.12645,0.127017,0.125408,0.119961,0.110535,0.099374,0.090035,0.083677,0.076003,0.072909,0.067724,0.061945,0.062511,0.06096,0.058265,0.058213,0.056201,0.059333,0.06055,0.062911,0.061442,0.06094,0.063098,0.061307,0.066458,0.074057,0.079487,0.085245,0.093459,0.101442,0.11424,0.126556,0.150869,0.163704,0.177993,0.18585,0.20001,0.219904,0.237993,0.259867,0.275782,0.292394,0.305982,0.314112,0.329295,0.341052,0.358849,0.377656,0.390659,0.395858,0.396088,0.381681,0.358307,0.330095,0.300161,0.270643,0.243673,0.219023,0.200236,0.183416,0.168742,0.155003,0.146542,0.140051,0.128999,0.121948,0.115999,0.107567,0.106177,0.104402,0.109203,0.111523,0.114987,0.119476,0.122491,0.12337,0.118936,0.113472,0.101706,0.091579,0.080942,0.070639,0.068875,0.067895,0.066913,0.069415,0.067777,0.06656,0.064354,0.059843,0.0597,0.055239,0.05417,0.048687,0.047055,0.041003,0.036002,0.031654,0.02787,0.023316,0.020493,0.018224,0.014337,0.01375,0.01291,0.010234,0.009141,0.010775,0.008492,0.008223,0.004717,0.007601,0.00718,0.005252,0.003933,0.005503,0.005335,0.006722,0.004752,0.006556,0.003603,0.004913,0.003241,0.00522,0.002575,0.004345,0.006862,0.005493,0.007077,0.003125,0.007071,0.005505,0.007176,0.005328,0.0045,0.005255,0.00458,0.006111,0.004256,0.005634,0.002642,0.004899,0.003649
"V46",0.121641,0.127819,0.135891,0.139315,0.147411,0.151524,0.15493,0.162474,0.163369,0.162287,0.15247,0.141413,0.12553,0.114924,0.102674,0.097839,0.090483,0.083206,0.080177,0.078998,0.079146,0.07456,0.073679,0.075612,0.077291,0.079629,0.081491,0.083148,0.083281,0.0821,0.080337,0.084423,0.09124,0.101587,0.107417,0.115712,0.128077,0.141793,0.156633,0.189341,0.20844,0.22497,0.233045,0.25287,0.275594,0.299759,0.326033,0.344605,0.366799,0.381955,0.397008,0.413969,0.430405,0.455432,0.478251,0.493514,0.50158,0.498618,0.477501,0.444631,0.410168,0.373651,0.336001,0.30705,0.273508,0.253468,0.230656,0.213168,0.195596,0.185505,0.175004,0.163135,0.150489,0.145685,0.136948,0.1338,0.131513,0.136558,0.138602,0.145061,0.149439,0.153006,0.154275,0.148648,0.14012,0.127995,0.11656,0.104102,0.094801,0.089812,0.088489,0.087709,0.085274,0.085041,0.085685,0.086434,0.081847,0.081854,0.079445,0.075701,0.071235,0.065645,0.058283,0.051691,0.045235,0.039587,0.033121,0.029688,0.025633,0.020408,0.019368,0.015798,0.015995,0.014532,0.012707,0.011441,0.010778,0.010244,0.008499,0.008718,0.006803,0.006534,0.007081,0.007614,0.006956,0.005459,0.005696,0.008007,0.006711,0.005673,0.00711,0.006587,0.005635,0.00685,0.006918,0.009008,0.006546,0.008606,0.005832,0.008718,0.007193,0.008488,0.009715,0.007776,0.007454,0.007538,0.007695,0.007934,0.006088,0.005071
"V47",0.174119,0.177271,0.178635,0.182852,0.18659,0.190848,0.194356,0.199186,0.201143,0.199622,0.192456,0.180199,0.169273,0.156616,0.14323,0.134094,0.125245,0.11694,0.107712,0.105363,0.10405,0.101521,0.10064,0.099859,0.101288,0.100925,0.101782,0.104987,0.10621,0.107013,0.109085,0.119686,0.127999,0.140116,0.152632,0.167198,0.183888,0.203161,0.222115,0.258131,0.281841,0.303419,0.318828,0.347301,0.377417,0.410823,0.448674,0.476513,0.503468,0.522622,0.540224,0.557538,0.573567,0.592464,0.61635,0.634848,0.648728,0.650231,0.637612,0.606606,0.567749,0.513697,0.460267,0.410145,0.358699,0.33201,0.299751,0.278103,0.259312,0.244141,0.22944,0.214933,0.200901,0.190822,0.178755,0.175203,0.172418,0.182841,0.186876,0.194995,0.199801,0.205708,0.206655,0.198412,0.191893,0.168036,0.147268,0.12949,0.110707,0.104641,0.105705,0.107867,0.109973,0.107859,0.10579,0.096123,0.088149,0.081649,0.075802,0.068177,0.063212,0.056892,0.050967,0.045435,0.038281,0.033884,0.029541,0.024658,0.021698,0.020561,0.016052,0.015346,0.013623,0.011586,0.010801,0.010156,0.008432,0.009315,0.005956,0.007068,0.006974,0.004977,0.008272,0.006644,0.006074,0.007518,0.007147,0.007561,0.007168,0.008237,0.006198,0.006015,0.005992,0.006672,0.006351,0.006601,0.007116,0.007832,0.005718,0.006165,0.006171,0.007444,0.005792,0.006823,0.007413,0.006184,0.006973,0.005732,0.00681,0.005442
"V48",0.045042,0.04455,0.044681,0.04512,0.044242,0.042043,0.044363,0.044916,0.044626,0.046664,0.046439,0.044223,0.043841,0.042676,0.038924,0.037114,0.035413,0.029529,0.029691,0.027276,0.028844,0.027814,0.026579,0.026254,0.025829,0.027133,0.027728,0.026119,0.027779,0.03106,0.032361,0.033801,0.037035,0.039833,0.042169,0.047994,0.051396,0.055707,0.062856,0.067709,0.074071,0.078672,0.085246,0.090897,0.096395,0.10612,0.115324,0.120678,0.130222,0.135786,0.137134,0.138512,0.139697,0.141054,0.141948,0.14764,0.15133,0.153047,0.154024,0.151073,0.140164,0.124945,0.112176,0.099927,0.08569,0.077271,0.069946,0.065714,0.06289,0.06034,0.055513,0.052047,0.050353,0.044849,0.043822,0.042891,0.043321,0.042986,0.045371,0.048092,0.049258,0.049151,0.051122,0.050049,0.047657,0.041943,0.036796,0.032367,0.026791,0.024068,0.025413,0.025799,0.025808,0.027339,0.025018,0.023591,0.01758,0.012885,0.014739,0.011385,0.008904,0.012266,0.009359,0.007351,0.005886,0.003723,0.00452,0.00478,0.001351,0.001184,0.002023,0.001367,0.00231,0.003127,0.001364,0.000893,0.002391,-0.000162,0.000377,0.002524,0.00258,0.002679,0.002391,0.000109,-0.000292,0.002234,0.001787,0.000852,0.002537,0.001254,0.002149,0.000586,0.001413,0.001068,0.00013,3.6e-05,0.000811,4e-04,0.001182,0.000922,-0.001256,9e-04,0.001882,0.001838,0.000866,0.001121,0.000132,0.002695,-0.000229,0.000838
"V49",0.097479,0.097188,0.096815,0.095236,0.097419,0.096993,0.097079,0.099555,0.099611,0.099228,0.097322,0.093923,0.091567,0.086394,0.080121,0.075633,0.070486,0.063593,0.057236,0.056467,0.057012,0.054408,0.052701,0.054744,0.051631,0.054401,0.053076,0.052936,0.055174,0.061465,0.063216,0.067516,0.073195,0.080336,0.086621,0.093223,0.103891,0.112689,0.126267,0.140992,0.155959,0.165205,0.175297,0.188748,0.206132,0.223509,0.244024,0.260057,0.277128,0.283108,0.295378,0.300102,0.304945,0.311637,0.318638,0.328403,0.334586,0.337882,0.337905,0.329068,0.307953,0.277338,0.248583,0.218238,0.188185,0.17216,0.154487,0.145638,0.137544,0.126376,0.118764,0.113454,0.10551,0.101185,0.094043,0.09353,0.092295,0.093948,0.099648,0.105113,0.108688,0.108767,0.110973,0.105345,0.101278,0.088482,0.07669,0.064523,0.056111,0.053037,0.053565,0.054357,0.056826,0.055975,0.049798,0.045367,0.038809,0.032556,0.026647,0.025228,0.020455,0.018586,0.016064,0.013432,0.012863,0.010753,0.009342,0.007958,0.008204,0.005007,0.005845,0.007012,0.005728,0.00411,0.001081,0.003288,0.001805,0.002131,0.003126,0.003064,0.003511,0.001049,0.005312,0.002878,0.002929,0.003976,0.001262,0.003794,0.002422,0.002857,0.003577,0.001066,0.002384,0.002878,0.00304,0.002123,0.00234,0.002586,0.002092,0.002218,0.002571,0.003144,0.003234,0.001803,0.003783,0.002745,0.001858,0.001086,-3.8e-05,0.000325
"V50",0.134749,0.135674,0.135538,0.138157,0.139978,0.141086,0.145223,0.146451,0.147837,0.145866,0.141599,0.134036,0.127365,0.119304,0.109849,0.101311,0.094853,0.086936,0.079491,0.078438,0.075135,0.07388,0.074589,0.0748,0.072052,0.072282,0.074035,0.072039,0.073571,0.078929,0.078619,0.087615,0.097429,0.105044,0.116319,0.125356,0.137264,0.153199,0.170157,0.193214,0.21131,0.227572,0.240697,0.261186,0.285758,0.311767,0.339637,0.363845,0.381507,0.397535,0.411243,0.424732,0.432649,0.448767,0.464758,0.479942,0.49075,0.495039,0.4863,0.467739,0.439114,0.395036,0.352408,0.312899,0.271901,0.247104,0.226011,0.209366,0.194909,0.184788,0.172785,0.162064,0.152961,0.143822,0.135453,0.133229,0.132991,0.135301,0.140621,0.148283,0.155926,0.156662,0.154939,0.149807,0.145519,0.126782,0.110204,0.095354,0.08202,0.077089,0.075838,0.079445,0.081025,0.080018,0.076056,0.069043,0.060227,0.054899,0.04907,0.045721,0.039736,0.03653,0.030734,0.026894,0.025956,0.022543,0.018801,0.017804,0.013589,0.011503,0.010457,0.010493,0.007904,0.007608,0.008298,0.006279,0.005676,0.005248,0.005079,0.004758,0.003987,0.004148,0.005867,0.003894,0.005307,0.005231,0.006106,0.006058,0.00582,0.005013,0.005047,0.005016,0.005017,0.003968,0.00458,0.005626,0.00685,0.004581,0.003435,0.003329,0.007503,0.00499,0.003429,0.005381,0.005367,0.004474,0.00483,0.004018,0.004187,0.005206
